TITEL;GEMEENTE
AD De Dordtenaar-Rivierenland;AALBURG
AD De Dordtenaar-Rivierenland;BARENDRECHT
AD De Dordtenaar-Rivierenland;DORDRECHT
AD De Dordtenaar-Rivierenland;GORINCHEM
AD De Dordtenaar-Rivierenland;HARDINXVELD-GIESSENDAM
AD De Dordtenaar-Rivierenland;LEERDAM
AD De Dordtenaar-Rivierenland;MOLENWAARD
AD De Dordtenaar-Rivierenland;PAPENDRECHT
AD De Dordtenaar-Rivierenland;SLIEDRECHT
AD De Dordtenaar-Rivierenland;WERKENDAM
AD De Dordtenaar-Rivierenland;WOUDRICHEM
AD De Dordtenaar-Rivierenland;ZWIJNDRECHT
AD Groene Hart;ALPHEN AAN DEN RIJN
AD Groene Hart;DE RONDE VENEN
AD Groene Hart;GOUDA
AD Groene Hart;KAAG EN BRAASSEM
AD Groene Hart;KRIMPENERWAARD
AD Groene Hart;MONTFOORT
AD Groene Hart;NIEUWKOOP
AD Groene Hart;WADDINXVEEN
AD Groene Hart;WOERDEN
AD Groene Hart;ZUIDPLAS
AD Haagsche Courant;DELFT
AD Haagsche Courant;LEIDSCHENDAM-VOORBURG
AD Haagsche Courant;MAASSLUIS
AD Haagsche Courant;MIDDEN-DELFLAND
AD Haagsche Courant;PIJNACKER-NOOTDORP
AD Haagsche Courant;RIJSWIJK
AD Haagsche Courant;S GRAVENHAGE
AD Haagsche Courant;SCHIEDAM
AD Haagsche Courant;VLAARDINGEN
AD Haagsche Courant;WASSENAAR
AD Haagsche Courant;WESTLAND
AD Haagsche Courant;ZOETERMEER
AD Haagsche Courant;ZUIDPLAS
AD Rotterdams Dagblad;BARENDRECHT
AD Rotterdams Dagblad;BRIELLE
AD Rotterdams Dagblad;CAPELLE AAN DEN IJSSEL
AD Rotterdams Dagblad;CROMSTRIJEN
AD Rotterdams Dagblad;GOEREE-OVERFLAKKEE
AD Rotterdams Dagblad;HELLEVOETSLUIS
AD Rotterdams Dagblad;KRIMPEN AAN DEN IJSSEL
AD Rotterdams Dagblad;KRIMPENERWAARD
AD Rotterdams Dagblad;LANSINGERLAND
AD Rotterdams Dagblad;MAASSLUIS
AD Rotterdams Dagblad;NISSEWAARD
AD Rotterdams Dagblad;OUD-BEIJERLAND
AD Rotterdams Dagblad;RIDDERKERK
AD Rotterdams Dagblad;ROTTERDAM
AD Rotterdams Dagblad;SCHIEDAM
AD Rotterdams Dagblad;VLAARDINGEN
AD Rotterdams Dagblad;ZUIDPLAS
BN De Stem;BAARLE-NASSAU
BN De Stem;BERGEN OP ZOOM
BN De Stem;BREDA
BN De Stem;DONGEN
BN De Stem;DRIMMELEN
BN De Stem;ETTEN-LEUR
BN De Stem;GEERTRUIDENBERG
BN De Stem;GOES
BN De Stem;HALDERBERGE
BN De Stem;MOERDIJK
BN De Stem;OOSTERHOUT
BN De Stem;ROOSENDAAL
BN De Stem;RUCPHEN
BN De Stem;STEENBERGEN
BN De Stem;THOLEN
BN De Stem;TILBURG
BN De Stem;WAALWIJK
BN De Stem;WERKENDAM
BN De Stem;WOENSDRECHT
BN De Stem;WOUDRICHEM
BN De Stem;ZUNDERT
Brabants Dagblad;AALBURG
Brabants Dagblad;BERNHEZE
Brabants Dagblad;BOXTEL
Brabants Dagblad;BREDA
Brabants Dagblad;DONGEN
Brabants Dagblad;EINDHOVEN
Brabants Dagblad;GOIRLE
Brabants Dagblad;HEUSDEN
Brabants Dagblad;LOON OP ZAND
Brabants Dagblad;OIRSCHOT
Brabants Dagblad;OISTERWIJK
Brabants Dagblad;OSS
Brabants Dagblad;S HERTOGENBOSCH
Brabants Dagblad;SCHIJNDEL
Brabants Dagblad;SINT-MICHIELSGESTEL
Brabants Dagblad;TILBURG
Brabants Dagblad;UDEN
Brabants Dagblad;VEGHEL
Brabants Dagblad;VUGHT
Brabants Dagblad;WAALWIJK
Brabants Dagblad;WERKENDAM
Brabants Dagblad;WOUDRICHEM
Brabants Dagblad;ZALTBOMMEL
De Gelderlander;AALTEN
De Gelderlander;AMERSFOORT
De Gelderlander;ARNHEM
De Gelderlander;BARNEVELD
De Gelderlander;BERG EN DAL
De Gelderlander;BERKELLAND
De Gelderlander;BOXMEER
De Gelderlander;BRONCKHORST
De Gelderlander;CUIJK
De Gelderlander;CULEMBORG
De Gelderlander;DOETINCHEM
De Gelderlander;DRUTEN
De Gelderlander;DUIVEN
De Gelderlander;EDE
De Gelderlander;GELDERMALSEN
De Gelderlander;GENNEP
De Gelderlander;GRAVE
De Gelderlander;LINGEWAARD
De Gelderlander;MILL EN SINT HUBERT
De Gelderlander;MONTFERLAND
De Gelderlander;MOOK EN MIDDELAAR
De Gelderlander;NEDER-BETUWE
De Gelderlander;NIJMEGEN
De Gelderlander;OOST GELRE
De Gelderlander;OUDE IJSSELSTREEK
De Gelderlander;OVERBETUWE
De Gelderlander;RENKUM
De Gelderlander;RHEDEN
De Gelderlander;RHENEN
De Gelderlander;ROZENDAAL
De Gelderlander;SINT ANTHONIS
De Gelderlander;TIEL
De Gelderlander;UTRECHTSE HEUVELRUG
De Gelderlander;VEENENDAAL
De Gelderlander;WAGENINGEN
De Gelderlander;WIJCHEN
De Gelderlander;WINTERSWIJK
De Gelderlander;ZEVENAAR
De Stentor;APELDOORN
De Stentor;BERKELLAND
De Stentor;BRONCKHORST
De Stentor;DALFSEN
De Stentor;DEVENTER
De Stentor;DRONTEN
De Stentor;ELBURG
De Stentor;EPE
De Stentor;ERMELO
De Stentor;HARDENBERG
De Stentor;HARDERWIJK
De Stentor;HEERDE
De Stentor;HELLENDOORN
De Stentor;KAMPEN
De Stentor;LELYSTAD
De Stentor;LOCHEM
De Stentor;MEPPEL
De Stentor;NIJKERK
De Stentor;NOORDOOSTPOLDER
De Stentor;NUNSPEET
De Stentor;OLDEBROEK
De Stentor;OLST-WIJHE
De Stentor;OMMEN
De Stentor;PUTTEN
De Stentor;RAALTE
De Stentor;RIJSSEN-HOLTEN
De Stentor;STEENWIJKERLAND
De Stentor;URK
De Stentor;VOORST
De Stentor;ZEEWOLDE
De Stentor;ZUTPHEN
De Stentor;ZWARTEWATERLAND
De Stentor;ZWOLLE
Eindhovens Dagblad;ASTEN
Eindhovens Dagblad;BEST
Eindhovens Dagblad;BLADEL
Eindhovens Dagblad;CRANENDONCK
Eindhovens Dagblad;DEURNE
Eindhovens Dagblad;EERSEL
Eindhovens Dagblad;EINDHOVEN
Eindhovens Dagblad;GELDROP-MIERLO
Eindhovens Dagblad;GEMERT-BAKEL
Eindhovens Dagblad;HELMOND
Eindhovens Dagblad;LAARBEEK
Eindhovens Dagblad;NUENEN CA
Eindhovens Dagblad;OIRSCHOT
Eindhovens Dagblad;SOMEREN
Eindhovens Dagblad;VALKENSWAARD
Eindhovens Dagblad;VELDHOVEN
PZC;BERGEN OP ZOOM
PZC;GOEREE-OVERFLAKKEE
PZC;GOES
PZC;HULST
PZC;KAPELLE
PZC;MIDDELBURG
PZC;REIMERSWAAL
PZC;SCHOUWEN-DUIVELAND
PZC;SLUIS
PZC;TERNEUZEN
PZC;THOLEN
PZC;VLISSINGEN
TC Tubantia;AALTEN
TC Tubantia;ALMELO
TC Tubantia;BERKELLAND
TC Tubantia;BRONCKHORST
TC Tubantia;DEVENTER
TC Tubantia;ENSCHEDE
TC Tubantia;HAAKSBERGEN
TC Tubantia;HARDENBERG
TC Tubantia;HELLENDOORN
TC Tubantia;HENGELO
TC Tubantia;HOF VAN TWENTE
TC Tubantia;LOCHEM
TC Tubantia;LOSSER
TC Tubantia;OLDENZAAL
TC Tubantia;OOST GELRE
TC Tubantia;RAALTE
TC Tubantia;RIJSSEN-HOLTEN
TC Tubantia;TUBBERGEN
TC Tubantia;TWENTERAND
TC Tubantia;WIERDEN
TC Tubantia;WINTERSWIJK
AD Amersfoortse Courant;AMERSFOORT
AD Amersfoortse Courant;BAARN
AD Amersfoortse Courant;BUNSCHOTEN
AD Amersfoortse Courant;DE BILT
AD Amersfoortse Courant;NIJKERK
AD Amersfoortse Courant;SOEST
AD Amersfoortse Courant;BARNEVELD
AD Amersfoortse Courant;ZEIST
AD Amersfoortse Courant;IJSSELSTEIN
AD Amersfoortse Courant;STICHTSE VECHT
AD Utrechts Nieuwsblad;CULEMBORG
AD Utrechts Nieuwsblad;HOUTEN
AD Utrechts Nieuwsblad;NIEUWEGEIN
AD Utrechts Nieuwsblad;RHENEN
AD Utrechts Nieuwsblad;UTRECHT
AD Utrechts Nieuwsblad;UTRECHTSE HEUVELRUG
AD Utrechts Nieuwsblad;VEENENDAAL
AD Utrechts Nieuwsblad;VIANEN
AD Utrechts Nieuwsblad;WIJK BIJ DUURSTEDE
AD Utrechts Nieuwsblad;WOERDEN
AD Utrechts Nieuwsblad;IJSSELSTEIN
AD Utrechts Nieuwsblad;STICHTSE VECHT
