VESTIGINGSNUMMER;INSTELLINGSNAAM VESTIGING;Plaats;Gemeente;DENOMINATIE
00AH00;Het Stedelijk Lyceum, locatie Kottenpark;ENSCHEDE;ENSCHEDE;Openbaar
00AH07;Het Stedelijk Lyceum, locatie Zuid;ENSCHEDE;ENSCHEDE;Openbaar
00AH08;Het Stedelijk Lyceum, De Stedelijke Mavo ;ENSCHEDE;ENSCHEDE;Openbaar
00AH09;Het Stedelijk Lyceum, Innova ;ENSCHEDE;ENSCHEDE;Openbaar
00AH17;Het Stedelijk Lyceum, Stedelijk Vakcollege;ENSCHEDE;ENSCHEDE;Openbaar
00AQ00;Zwin College SGM;OOSTBURG;SLUIS;Algemeen bijzonder
00BD00;Coenecoop College;WADDINXVEEN;WADDINXVEEN;Openbaar
00CB00;Karel de Grote College;NIJMEGEN;NIJMEGEN;Antroposofisch
00CB01;Stichtse Vrije School;ZEIST;ZEIST;Antroposofisch
00CB02;Novalis College;EINDHOVEN;EINDHOVEN;Antroposofisch
00HI00;SGM Dalton Vatel;VOORBURG;LEIDSCHENDAM-VOORBURG;Algemeen bijzonder
00HI03;SGM Dalton Vatel;'S-GRAVENHAGE;S GRAVENHAGE;Algemeen bijzonder
00JR00;SGM Spieringshoek;SCHIEDAM;SCHIEDAM;Rooms-Katholiek
00JT00;GSG Guido de Bres, loc. Paladijnenweg;AMERSFOORT;AMERSFOORT;Gereformeerd
00JT02;GSG Guido de Bres, loc. Arnhemseweg;AMERSFOORT;AMERSFOORT;Gereformeerd
00JT03;GSG Guido de Bres;ARNHEM;ARNHEM;Gereformeerd
00KV00;KSE;ETTEN-LEUR;ETTEN-LEUR;Rooms-Katholiek
00LJ00;Chr Coll Schaersvoorde;AALTEN;AALTEN;Protestants-Christelijk
00LJ01;Chr Coll Schaersvoorde Dinxperlo;DINXPERLO;AALTEN;Protestants-Christelijk
00LJ02;Chr Coll Schaersvoorde;WINTERSWIJK;WINTERSWIJK;Protestants-Christelijk
00LJ05;Chr Coll Schaersvoorde;AALTEN;AALTEN;Protestants-Christelijk
00LY00;Zeldenrust Steelantcollege;TERNEUZEN;TERNEUZEN;Samenwerking PC, RK
00MK00;KSG De Breul ;ZEIST;ZEIST;Rooms-Katholiek
00ML00;Het Nieuwe Eemland ;AMERSFOORT;AMERSFOORT;Rooms-Katholiek
00ML02;Mavo Muurhuizen  ;AMERSFOORT;AMERSFOORT;Rooms-Katholiek
00ML09;Vakcollege;AMERSFOORT;AMERSFOORT;Rooms-Katholiek
00ML12;’t Hooghe Landt;AMERSFOORT;AMERSFOORT;Rooms-Katholiek
00MP00;De Noordgouw;HEERDE;HEERDE;Protestants-Christelijk
00NE00;Jan van Brabant College Deltaweg;HELMOND;HELMOND;Openbaar
00OB00;Maaswaal College, loc. Veenseweg;WIJCHEN;WIJCHEN;Samenwerking PC, RK
00OB03;Maaswaal College, loc. Oosterweg;WIJCHEN;WIJCHEN;Samenwerking PC, RK
00PG00;Guido de Brès;ROTTERDAM;ROTTERDAM;Reformatorisch
00PG02;De Swaef;ROTTERDAM;ROTTERDAM;Reformatorisch
00PG03;Revius;ROTTERDAM;ROTTERDAM;Reformatorisch
00PG04;Wartburg College;DORDRECHT;DORDRECHT;Reformatorisch
00PJ00;Erasmuscollege;ZOETERMEER;ZOETERMEER;Algemeen bijzonder
00RO00;Amadeus Lyceum;VLEUTEN;UTRECHT;Samenwerking PC, RK
00RZ00;Montessori College;NIJMEGEN;NIJMEGEN;Algemeen bijzonder
00RZ01;Montessori College;GROESBEEK;BERG EN DAL;Algemeen bijzonder
00SZ00;Joh Fontanus College;BARNEVELD;BARNEVELD;Protestants-Christelijk
00TL00;Het Nieuwe Lyceum;BILTHOVEN;DE BILT;Algemeen bijzonder
00TM00;Hendrik Pierson College;ZETTEN;OVERBETUWE;Protestants-Christelijk
00TQ00;SGM Mariëndael;ARNHEM;ARNHEM;Protestants-Christelijk
00TU00;Geref SGM Randstad;ROTTERDAM;ROTTERDAM;Gereformeerd
00TU01;Geref SGM Randstad;RIJSWIJK ZH;RIJSWIJK;Gereformeerd
00VR00;St.- Jozefmavo;VLAARDINGEN;VLAARDINGEN;Rooms-Katholiek
00VY00;RK SGM Cals College;NIEUWEGEIN;NIEUWEGEIN;Rooms-Katholiek
00VY04;RK SGM Cals College;IJSSELSTEIN UT;IJSSELSTEIN;Rooms-Katholiek
00WH00;Gomarusschool s.g.;GORINCHEM;GORINCHEM;Reformatorisch
00WI00;Chr. College Groevenbeek;ERMELO;ERMELO;Protestants-Christelijk
00WI04;Chr. College Groevenbeek;PUTTEN;PUTTEN;Protestants-Christelijk
00XK00;Veurs College;LEIDSCHENDAM;LEIDSCHENDAM-VOORBURG;Samenwerking PC, RK
00XK02;Veurs Voorburg;VOORBURG;LEIDSCHENDAM-VOORBURG;Samenwerking PC, RK
00XK03;Veurs College 's-Gravendreef;'S-GRAVENHAGE;S GRAVENHAGE;Samenwerking PC, RK
00XK08;'s Gravendreef College;LEIDSCHENDAM;LEIDSCHENDAM-VOORBURG;Samenwerking PC, RK
00YH00;C S De Hoven Uilenhof;GORINCHEM;GORINCHEM;Protestants-Christelijk
00YH01;Schans;SLEEUWIJK;WERKENDAM;Protestants-Christelijk
00YH02;Calvijn;HARDINXVELD-GIESSENDAM;HARDINXVELD-GIESSENDAM;Protestants-Christelijk
00YH03;Lyceum oudehoven;GORINCHEM;GORINCHEM;Protestants-Christelijk
00YH05;Gilde;GORINCHEM;GORINCHEM;Protestants-Christelijk
00YH06;Windroos;GORINCHEM;GORINCHEM;Protestants-Christelijk
00YO00;Prot Chr Mavo Waldheim;BAARN;BAARN;Protestants-Christelijk
00ZO00;ISG Arcus;LELYSTAD;LELYSTAD;Samenwerking PC, RK
01AA57;Thomas a Kempis College;ZWOLLE;ZWOLLE;Samenwerking PC, RK
01AA58;TalentStad Beroepscollege;ZWOLLE;ZWOLLE;Samenwerking PC, RK
01AA59;JenaXL ;ZWOLLE;ZWOLLE;Samenwerking PC, RK
01AA61;Centre for Sports & Education;ZWOLLE;ZWOLLE;Samenwerking PC, RK
01FU00;Nuborgh College Oostenlicht;ELBURG;ELBURG;Protestants-Christelijk
01FU01;Nuborgh College Lambert Franckens;ELBURG;ELBURG;Protestants-Christelijk
01FU04;Nuborgh College Veluvine;NUNSPEET;NUNSPEET;Protestants-Christelijk
01FY00;Augustinianum SGM;EINDHOVEN;EINDHOVEN;Rooms-Katholiek
01GH00;Willem v Oranje College;WAALWIJK;WAALWIJK;Protestants-Christelijk
01GH01;Willem v Oranje College;WIJK EN AALBURG;AALBURG;Protestants-Christelijk
01GH03;Willem v Oranje College Nevenlocatie;WAALWIJK;WAALWIJK;Protestants-Christelijk
01GV00;Mavoschool Sancta Maria;'S-HERTOGENBOSCH;S HERTOGENBOSCH;Rooms-Katholiek
01GX00;Chr Lyceum Delft;DELFT;DELFT;Protestants-Christelijk
01GX02;Chr Lyceum Delft, Hof van Delft;DELFT;DELFT;Protestants-Christelijk
01GX03;Chr Lyceum Delft, SC Delfland;DELFT;DELFT;Protestants-Christelijk
01IC01;AOC Oost Lyceum;DOETINCHEM;DOETINCHEM;Algemeen bijzonder
01IC02;AOC Oost;BORCULO;BERKELLAND;Algemeen bijzonder
01IC05;AOC Oost Twello;TWELLO;VOORST;Algemeen bijzonder
01IC11;AOC Oost;ENSCHEDE;ENSCHEDE;Algemeen bijzonder
01IC15;AOC Oost;ALMELO;ALMELO;Algemeen bijzonder
01IC18;AOC Oost vmbo Groen;DOETINCHEM;DOETINCHEM;Algemeen bijzonder
01IW00;Dongemond College;RAAMSDONKSVEER;GEERTRUIDENBERG;Rooms-Katholiek
01IW03;Dongemond College;MADE;DRIMMELEN;Rooms-Katholiek
01KF00;St Gregorius College;UTRECHT;UTRECHT;Rooms-Katholiek
01MB00;RK Alfrink College SGM;ZOETERMEER;ZOETERMEER;Rooms-Katholiek
01MU00;De Meerwaarde;BARNEVELD;BARNEVELD;Protestants-Christelijk
01NJ15;AOC Terra;MEPPEL;MEPPEL;Algemeen bijzonder
01NZ00;Griftland College;SOEST;SOEST;Protestants-Christelijk
01OE02;Wellantcollege;ROTTERDAM;ROTTERDAM;Algemeen bijzonder
01OE04;Wellantcollege;GORINCHEM;GORINCHEM;Algemeen bijzonder
01OE05;Wellantcollege;KLAASWAAL;CROMSTRIJEN;Algemeen bijzonder
01OE06;Wellantcollege;'S-GRAVENHAGE;S GRAVENHAGE;Algemeen bijzonder
01OE07;Wellantcollege Westvliet;'S-GRAVENHAGE;S GRAVENHAGE;Algemeen bijzonder
01OE11;Wellantcollege mavo Stek;DORDRECHT;DORDRECHT;Algemeen bijzonder
01OE12;Wellantcollege;DORDRECHT;DORDRECHT;Algemeen bijzonder
01OE13;Wellantcollege;BRIELLE;BRIELLE;Algemeen bijzonder
01OE16;Wellantcollege;AMERSFOORT;AMERSFOORT;Algemeen bijzonder
01OE17;Wellantcollege;MONTFOORT;MONTFOORT;Algemeen bijzonder
01OE18;Wellantcollege;UTRECHT;UTRECHT;Algemeen bijzonder
01OE27;Wellantcollege;BOSKOOP;ALPHEN AAN DEN RIJN;Algemeen bijzonder
01OE28;Wellantcollege;GOUDA;GOUDA;Algemeen bijzonder
01OE30;Wellantcollege;ALPHEN AAN DEN RIJN;ALPHEN AAN DEN RIJN;Algemeen bijzonder
01OE32;Wellantcollege;OTTOLAND;MOLENWAARD;Algemeen bijzonder
01OE37;Wellantcollege;HOUTEN;HOUTEN;Algemeen bijzonder
01PU00;Aloysiuscollege;'S-GRAVENHAGE;S GRAVENHAGE;Rooms-Katholiek
01RL00;Jacobus Fruijtier SGM;APELDOORN;APELDOORN;Reformatorisch
01RL01;Jacobus Fruijtier SGM;RIJSSEN;RIJSSEN-HOLTEN;Reformatorisch
01RL02;Jacobus Fruijtier SGM Uddel;UDDEL;APELDOORN;Reformatorisch
01RL03;Jacobus Fruijtier SGM Musschenburgh;APELDOORN;APELDOORN;Reformatorisch
01VJ00;Het Slatink;DEVENTER;DEVENTER;Algemeen bijzonder
01VJ04;Etty Hillesum Lyceum;DEVENTER;DEVENTER;Algemeen bijzonder
01VJ05;De Keurkamp;DEVENTER;DEVENTER;Algemeen bijzonder
01VN00;Canisius College;NIJMEGEN;NIJMEGEN;Rooms-Katholiek
01VN04;Canisius - t Rijks vmbo;NIJMEGEN;NIJMEGEN;Rooms-Katholiek
01XL00;Strabrechtcollege;GELDROP;GELDROP-MIERLO;Algemeen bijzonder
01XN00;Almere College;KAMPEN;KAMPEN;Openbaar
01XN01;Almere College;DRONTEN;DRONTEN;Openbaar
01XN02;Almere College locatie Via ;KAMPEN;KAMPEN;Openbaar
02CI00;Insula College;DORDRECHT;DORDRECHT;Protestants-Christelijk
02CI01;Insula College vmbo;DORDRECHT;DORDRECHT;Protestants-Christelijk
02CI02;Insula College mavo;DORDRECHT;DORDRECHT;Protestants-Christelijk
02DC00;Corlaer College, loc. Ds. Kuypersstraat ;NIJKERK GLD;NIJKERK;Protestants-Christelijk
02DC03;Corlaer College, loc. Henri Nouwenstraat;NIJKERK GLD;NIJKERK;Protestants-Christelijk
02DO00;Het Noordik, loc. Noordikslaan;ALMELO;ALMELO;Protestants-Christelijk
02DO01;Het Noordik, loc. C. van Renneslaan;ALMELO;ALMELO;Protestants-Christelijk
02DO02;Het Noordik, loc. Vriezenveen;VRIEZENVEEN;TWENTERAND;Protestants-Christelijk
02DO03;Het Noordik, loc. Vroomshoop;VROOMSHOOP;TWENTERAND;Protestants-Christelijk
02DQ00;Chr Gymnasium Sorghvliet;'S-GRAVENHAGE;S GRAVENHAGE;Protestants-Christelijk
02DW00;Gymnasium Bernrode;HEESWIJK-DINTHER;BERNHEZE;Rooms-Katholiek
02DZ00;Sint Stanislascollege;DELFT;DELFT;Rooms-Katholiek
02DZ02;Sint Stanislascollege Krakeelpolderweg;DELFT;DELFT;Rooms-Katholiek
02DZ03;Sint Stanislascollege;PIJNACKER;PIJNACKER-NOOTDORP;Rooms-Katholiek
02DZ04;Sint Stanislascollege, Reinier de Graaf;DELFT;DELFT;Rooms-Katholiek
02DZ06;Sint Stanislascollege;RIJSWIJK ZH;RIJSWIJK;Rooms-Katholiek
02EA00;Driestar College;GOUDA;GOUDA;Reformatorisch
02EA02;Driestar College;LEKKERKERK;KRIMPENERWAARD;Reformatorisch
02EK00;Pius X College, loc. Aalderinkshoek;ALMELO;ALMELO;Rooms-Katholiek
02EK01;Pius X College, loc. Van Renneslaan;ALMELO;ALMELO;Rooms-Katholiek
02EK02;Pius X College;RIJSSEN;RIJSSEN-HOLTEN;Rooms-Katholiek
02EX00;Morgen College, De Sypel;HARDERWIJK;HARDERWIJK;Samenwerking PC, RK
02EX05;Morgen College, Westeinde;HARDERWIJK;HARDERWIJK;Samenwerking PC, RK
02FB00;Christelijk College Nassau-Veluwe;HARDERWIJK;HARDERWIJK;Samenwerking PC, RK
02FC00;PC College Ulenhof;DOETINCHEM;DOETINCHEM;Protestants-Christelijk
02FC04;Ulenhof 't Beeckland;VORDEN;BRONCKHORST;Protestants-Christelijk
02FC07;PC College Ulenhof;VORDEN;BRONCKHORST;Protestants-Christelijk
02FY00;Mollerlyceum ;BERGEN OP ZOOM;BERGEN OP ZOOM;Rooms-Katholiek
02FY01;Mollerlyceum;OSSENDRECHT;WOENSDRECHT;Rooms-Katholiek
02FY02;'t Ravelijn;STEENBERGEN NB;STEENBERGEN;Rooms-Katholiek
02FY04;ZoomMavo;BERGEN OP ZOOM;BERGEN OP ZOOM;Rooms-Katholiek
02GF00;Mgr Frencken College;OOSTERHOUT NB;OOSTERHOUT;Rooms-Katholiek
02GJ00;Chr College De Populier;'S-GRAVENHAGE;S GRAVENHAGE;Protestants-Christelijk
02GP00;Het Rijnlands Lyceum;WASSENAAR;WASSENAAR;Algemeen bijzonder
02GP04;Het Rijnlands Lyceum;'S-GRAVENHAGE;S GRAVENHAGE;Algemeen bijzonder
02GS00;Montessori Lyceum Rotterdam;ROTTERDAM;ROTTERDAM;Algemeen bijzonder
02HI00;Steenspil vmbo;HALSTEREN;BERGEN OP ZOOM;Algemeen bijzonder
02HI06;Pomona vmbo;BERGEN OP ZOOM;BERGEN OP ZOOM;Algemeen bijzonder
02IC00;Edudelta College Middelharnis;MIDDELHARNIS;GOEREE-OVERFLAKKEE;Algemeen bijzonder
02IS00;Vakcollege Tilburg;TILBURG;TILBURG;Rooms-Katholiek
02JG00;Emelwerda College;EMMELOORD;NOORDOOSTPOLDER;Protestants-Christelijk
02JG04;Emelwerda College, De Es;EMMELOORD;NOORDOOSTPOLDER;Protestants-Christelijk
02JG05;Emelwerda College, De Wilg;EMMELOORD;NOORDOOSTPOLDER;Protestants-Christelijk
02KR00;St Bonifatius Mavo;EMMELOORD;NOORDOOSTPOLDER;Rooms-Katholiek
02LB00;Vakcollege de Hef;ROTTERDAM;ROTTERDAM;Openbaar
02LB08;osg Hugo de Groot;ROTTERDAM;ROTTERDAM;Openbaar
02LG00;De Meander, Carmelcollege Gouda;GOUDA;GOUDA;Rooms-Katholiek
02LG06;Antoniuscollege, Carmelcollege Gouda;GOUDA;GOUDA;Rooms-Katholiek
02MF00;CSV Veenendaal;VEENENDAAL;VEENENDAAL;Protestants-Christelijk
02MU00;St Maartenscollege SGM;VOORBURG;LEIDSCHENDAM-VOORBURG;Rooms-Katholiek
02NZ00;Ludger College;DOETINCHEM;DOETINCHEM;Samenwerking PC, RK
02NZ01;Metzo College;DOETINCHEM;DOETINCHEM;Samenwerking PC, RK
02QN00;Marianum, Groenlo;GROENLO;OOST GELRE;Rooms-Katholiek
02QN02;Marianum, Lichtenvoorde;LICHTENVOORDE;OOST GELRE;Rooms-Katholiek
02QO00;Sint Oelbert Gymnasium;OOSTERHOUT NB;OOSTERHOUT;Rooms-Katholiek
02QP00;St Willibrord Gymnasium;DEURNE;DEURNE;Rooms-Katholiek
02QQ00;Notre Dame Des Anges;UBBERGEN;BERG EN DAL;Rooms-Katholiek
02QT00;Maurick College;VUGHT;VUGHT;Rooms-Katholiek
02RA00;Veluws College Walterbosch;APELDOORN;APELDOORN;Rooms-Katholiek
02RA01;Veluws College Cortenbosch;APELDOORN;APELDOORN;Rooms-Katholiek
02RA02;Veluws College Mheenpark;APELDOORN;APELDOORN;Rooms-Katholiek
02RA03;Veluws College Twello;TWELLO;VOORST;Rooms-Katholiek
02ST00;Kandinsky College;NIJMEGEN;NIJMEGEN;Rooms-Katholiek
02ST03;Kandinsky - t Rijks vmbo;NIJMEGEN;NIJMEGEN;Rooms-Katholiek
02ST04;Kandinsky College;MOLENHOEK LB;MOOK EN MIDDELAAR;Rooms-Katholiek
02ST05;Jorismavo;NIJMEGEN;NIJMEGEN;Rooms-Katholiek
02SY00;Dorenweerd College;DOORWERTH;RENKUM;Samenwerking PC, RK, Alg. Bijz
02TC00;Christiaan Huygens College;EINDHOVEN;EINDHOVEN;Protestants-Christelijk
02TC03;Olympia;EINDHOVEN;EINDHOVEN;Protestants-Christelijk
02TC04;Frits Philips lyceum;EINDHOVEN;EINDHOVEN;Protestants-Christelijk
02TG00;Het Baarnsch Lyceum;BAARN;BAARN;Algemeen bijzonder
02TH00;Herman Jordanlyceum;ZEIST;ZEIST;Algemeen bijzonder
02UE00;St Bonifatius College;UTRECHT;UTRECHT;Rooms-Katholiek
02UG00;Laurens Lyceum;ROTTERDAM;ROTTERDAM;Rooms-Katholiek
02UP00;Marnix College;EDE GLD;EDE;Samenwerking PC, RK
02US00;Haags Montessori Lyceum;'S-GRAVENHAGE;S GRAVENHAGE;Algemeen bijzonder
02UT00;Vrijzinnig-Christelijk Lyceum;'S-GRAVENHAGE;S GRAVENHAGE;Algemeen bijzonder
02UX00;Vechtdal College;HARDENBERG;HARDENBERG;Samenwerking PC, RK
02UX01;Vechtdal College Dedemsvaart;DEDEMSVAART;HARDENBERG;Samenwerking PC, RK
02UX06;Vechtdal College;OMMEN;OMMEN;Samenwerking PC, RK
02VB00;Ichthus College 1;KAMPEN;KAMPEN;Protestants-Christelijk
02VB01;Ichthus College 5;KAMPEN;KAMPEN;Protestants-Christelijk
02VB02;Ichthus College;DRONTEN;DRONTEN;Protestants-Christelijk
02VB07;Ichthus College 4 locatie Via;KAMPEN;KAMPEN;Protestants-Christelijk
02VE00;NSG Groenewoud;NIJMEGEN;NIJMEGEN;Algemeen bijzonder
02VG00;Theater havo/vwo;ROTTERDAM;ROTTERDAM;Samenwerking PC, RK, Alg. Bijz
02VG03;Havo muziek en dans;ROTTERDAM;ROTTERDAM;Samenwerking PC, RK, Alg. Bijz
02VG04;Lucia Petrus MAVO;ROTTERDAM;ROTTERDAM;Samenwerking PC, RK, Alg. Bijz
02VG05;G.K.H.;ROTTERDAM;ROTTERDAM;Samenwerking PC, RK, Alg. Bijz
02VG08;Carré College;ROTTERDAM;ROTTERDAM;Samenwerking PC, RK, Alg. Bijz
02VG11;Horeca Vakschool;ROTTERDAM;ROTTERDAM;Samenwerking PC, RK, Alg. Bijz
02VG14;Hildegardis;ROTTERDAM;ROTTERDAM;Samenwerking PC, RK, Alg. Bijz
02VG15;De Toorop;ROTTERDAM;ROTTERDAM;Samenwerking PC, RK, Alg. Bijz
02VG17;MAVO Delfshaven;ROTTERDAM;ROTTERDAM;Samenwerking PC, RK, Alg. Bijz
02VG22;Cosmicus College;ROTTERDAM;ROTTERDAM;Samenwerking PC, RK, Alg. Bijz
02VG25;Noordrand College;ROTTERDAM;ROTTERDAM;Samenwerking PC, RK, Alg. Bijz
02VM00;Christelijk Lyceum;VEENENDAAL;VEENENDAAL;Protestants-Christelijk
02VN00;Het Rhedens;ROZENDAAL;ROZENDAAL;Algemeen bijzonder
02VN01;Het Rhedens;DIEREN;RHEDEN;Algemeen bijzonder
02VO00;Gymnasium Novum;VOORBURG;LEIDSCHENDAM-VOORBURG;Algemeen bijzonder
02VR00;Christelijk Lyceum Zeist;ZEIST;ZEIST;Protestants-Christelijk
02VR02;Christelijk college zeist;ZEIST;ZEIST;Protestants-Christelijk
02VR04;Revius Lyceum Doorn;DOORN;UTRECHTSE HEUVELRUG;Protestants-Christelijk
02VR05;Revius Lyceum Doorn;WIJK BIJ DUURSTEDE;WIJK BIJ DUURSTEDE;Protestants-Christelijk
02VS00;Baudartius College;ZUTPHEN;ZUTPHEN;Protestants-Christelijk
02VT00;Agnieten College;ZWOLLE;ZWOLLE;Protestants-Christelijk
02VT01;Agnieten College Zwartsluis;ZWARTSLUIS;ZWARTEWATERLAND;Protestants-Christelijk
02VT02;Agnieten College locatie Talentstad;ZWOLLE;ZWOLLE;Protestants-Christelijk
02VT04;Agnieten College Nieuwleusen;NIEUWLEUSEN;DALFSEN;Protestants-Christelijk
02VT05;Agnieten College Meander;ZWOLLE;ZWOLLE;Protestants-Christelijk
02VT06;Agnieten College Wezep;WEZEP;OLDEBROEK;Protestants-Christelijk
02XJ00;Chr SGM Reggesteyn, loc. Noetselerbergweg;NIJVERDAL;HELLENDOORN;Protestants-Christelijk
02XJ01;Chr SGM Reggesteyn, loc. W. de Clercqstraat;NIJVERDAL;HELLENDOORN;Protestants-Christelijk
02XJ02;Chr SGM Reggesteyn;RIJSSEN;RIJSSEN-HOLTEN;Protestants-Christelijk
02XS00;Altena College;SLEEUWIJK;WERKENDAM;Protestants-Christelijk
02ZR02;Bravo College;BUDEL;CRANENDONCK;Rooms-Katholiek
03AM00;Stedelijk Gymnasium;BREDA;BREDA;Openbaar
03JY00;Calvijn College;GOES;GOES;Reformatorisch
03JY01;Calvijn College;MIDDELBURG;MIDDELBURG;Reformatorisch
03JY02;Calvijn College, Kerkpolder;KRABBENDIJKE;REIMERSWAAL;Reformatorisch
03JY03;Calvijn College;THOLEN;THOLEN;Reformatorisch
03JY06;Calvijn College, Appelstraat;KRABBENDIJKE;REIMERSWAAL;Reformatorisch
03KN00;RK SGM Pius X;BLADEL;BLADEL;Rooms-Katholiek
03OY00;Niftarlake College Maarssen;MAARSSEN;STICHTSE VECHT;Protestants-Christelijk
03RB00;Chr SGM Prins Maurits;MIDDELHARNIS;GOEREE-OVERFLAKKEE;Protestants-Christelijk
03RR00;Candea College;DUIVEN;DUIVEN;Samenwerking PC, RK
03RR07;Candea College, Saturnus II;DUIVEN;DUIVEN;Samenwerking PC, RK
03WO00;Van Lodensteincollege;AMERSFOORT;AMERSFOORT;Reformatorisch
03WO01;Van Lodensteincollege;HOEVELAKEN;NIJKERK;Reformatorisch
03WO02;Van Lodensteincollege;KESTEREN;NEDER-BETUWE;Reformatorisch
03XM00;Chr SGM Dingstede;MEPPEL;MEPPEL;Protestants-Christelijk
03XS00;CSW Van De Perre;MIDDELBURG;MIDDELBURG;Protestants-Christelijk
03XS03;CSW Walcheren;VLISSINGEN;VLISSINGEN;Protestants-Christelijk
03XS07;CSW Toorop;MIDDELBURG;MIDDELBURG;Protestants-Christelijk
04DF00;Ashram College;ALPHEN AAN DEN RIJN;ALPHEN AAN DEN RIJN;Rooms-Katholiek
04DF01;Ashram College;NIEUWKOOP;NIEUWKOOP;Rooms-Katholiek
04GU03;Elde College Schijndel;SINT-MICHIELSGESTEL;SINT-MICHIELSGESTEL;Rooms-Katholiek
04HR00;Openbare SGM Erasmus, loc. havo/vwo;ALMELO;ALMELO;Openbaar
04HR04;Openbare SGM Erasmus, loc. vmbo;ALMELO;ALMELO;Openbaar
04IX00;Kalsbeek College, loc. Schilderspark;WOERDEN;WOERDEN;Protestants-Christelijk
04IX01;Kalsbeek College, loc. Bredius;WOERDEN;WOERDEN;Protestants-Christelijk
04OY00;Carmel College Salland, loc. Florens Radewijnsstraat;RAALTE;RAALTE;Rooms-Katholiek
04OY02;Carmel College Salland, loc. Hofstedelaan;RAALTE;RAALTE;Rooms-Katholiek
04XU00;Baanderherencollege Vmbo;BOXTEL;BOXTEL;Rooms-Katholiek
04YX00;Munnikenheide College;ETTEN-LEUR;ETTEN-LEUR;Rooms-Katholiek
04YX02;Munnikenheide College;RUCPHEN;RUCPHEN;Rooms-Katholiek
05AV00;Twents Carmel College;OLDENZAAL;OLDENZAAL;Rooms-Katholiek
05AV01;Twents Carmel College, de Thij;OLDENZAAL;OLDENZAAL;Rooms-Katholiek
05AV02;Twents Carmel College, Lyceumstr.;OLDENZAAL;OLDENZAAL;Rooms-Katholiek
05AV03;Twents Carmel College;LOSSER;LOSSER;Rooms-Katholiek
05AX00;SGM De Overlaat;WAALWIJK;WAALWIJK;Samenwerking PC, RK, Alg. Bijz
05EA00;Scheepvaart en Transport College;ROTTERDAM;ROTTERDAM;Algemeen bijzonder
05FB00;Het Assink lyceum;HAAKSBERGEN;HAAKSBERGEN;Rooms-Katholiek
05FB06;Het Assink lyceum;EIBERGEN;BERKELLAND;Rooms-Katholiek
05FB07;Het Assink lyceum;HAAKSBERGEN;HAAKSBERGEN;Rooms-Katholiek
05FF00;Olympuscollege;ARNHEM;ARNHEM;Samenwerking PC, RK
05OH00;Ostrea Lyceum vwo;GOES;GOES;Samenwerking PC, RK
05OH03;Ostrea Lyceum mavo havo;GOES;GOES;Samenwerking PC, RK
05OH07;Ostrea Lyceum vmbo;GOES;GOES;Samenwerking PC, RK
05PL00;Ds. Pierson College;'S-HERTOGENBOSCH;S HERTOGENBOSCH;Protestants-Christelijk
05RA00;Veenlanden College Mijdrecht;MIJDRECHT;DE RONDE VENEN;Samenwerking PC, RK
05RA01;Veenlanden College Vinkeveen;VINKEVEEN;DE RONDE VENEN;Samenwerking PC, RK
05TA00;CSG Willem De Zwijger;SCHOONHOVEN;KRIMPENERWAARD;Protestants-Christelijk
05XJ00;Het Lyceum Rotterdam;ROTTERDAM;ROTTERDAM;Rooms-Katholiek
06HF00;Udens College, loc. Schepenhoek;UDEN;UDEN;Samenwerking Opb., RK
06HF02;Udens College, loc. Kleinveld;UDEN;UDEN;Samenwerking Opb., RK
06SU00;Ichthus College;VEENENDAAL;VEENENDAAL;Protestants Christelijk/Reform
06WY00;Grienden College;SLIEDRECHT;SLIEDRECHT;Samenwerking PC, Alg. Bijz.
06XL00;Markland College Oudenbosch;OUDENBOSCH;HALDERBERGE;Rooms-Katholiek
07KP00;Vakcollege Maarsbergen;MAARSBERGEN;UTRECHTSE HEUVELRUG;Openbaar
07MU00;Rodenborch-College;ROSMALEN;S HERTOGENBOSCH;Rooms-Katholiek
07PK00;Arentheem College, loc. Thomas a Kempis;ARNHEM;ARNHEM;Samenwerking PC, RK
07PK05;Arentheem College, loc. Leerpark Presikhaaf;ARNHEM;ARNHEM;Samenwerking PC, RK
07PK07;Arentheem College, loc. Titus Brandsma;VELP GLD;RHEDEN;Samenwerking PC, RK
08CU00;Emmauscollege;ROTTERDAM;ROTTERDAM;Rooms-Katholiek
08LP00;Isendoorn College;WARNSVELD;ZUTPHEN;Rooms-Katholiek
08SG00;De Heemgaard;APELDOORN;APELDOORN;Protestants-Christelijk
08SG01;Sprengeloo ;APELDOORN;APELDOORN;Protestants-Christelijk
08SG06;Christelijk Lyceum Apeldoorn;APELDOORN;APELDOORN;Protestants-Christelijk
08VU00;Chr SGM Willem v Oranje, loc. Zoomwijck;OUD-BEIJERLAND;OUD-BEIJERLAND;Protestants-Christelijk
08VU02;Chr SGM Willem v Oranje, loc. Poortwijk;OUD-BEIJERLAND;OUD-BEIJERLAND;
09VG00;Reeshof College;TILBURG;TILBURG;Rooms-Katholiek
10AN03;Scala College;ALPHEN AAN DEN RIJN;ALPHEN AAN DEN RIJN;Openbaar
10AN04;Scala College;ALPHEN AAN DEN RIJN;ALPHEN AAN DEN RIJN;Openbaar
10LU00;RSG 't Rijks;BERGEN OP ZOOM;BERGEN OP ZOOM;Openbaar
11NY00;RSG Broklede Breukelen;BREUKELEN UT;STICHTSE VECHT;Openbaar
11UL01;Edudelta;GOES;GOES;Algemeen bijzonder
11UL02;Edudelta College Sommelsdijk;SOMMELSDIJK;GOEREE-OVERFLAKKEE;Algemeen bijzonder
11UL03;Edudelta;BARENDRECHT;BARENDRECHT;Algemeen bijzonder
11ZH00;Maerlant;BRIELLE;BRIELLE;Openbaar
12IR05;Sgm de Nieuwe Veste;HARDENBERG;HARDENBERG;Openbaar
12RB00;Scholengemeenschap Helinium;HELLEVOETSLUIS;HELLEVOETSLUIS;Openbaar
13JO00;Rsgm Noord Oost Veluwe;EPE;EPE;Openbaar
13OR00;Pontes;GOES;GOES;Openbaar
13OR01;Het Goese Lyceum;GOES;GOES;Openbaar
13OR03;Pontes Pieter Zeeman;ZIERIKZEE;SCHOUWEN-DUIVELAND;Openbaar
13PE00;Varendonck College;ASTEN;ASTEN;Rooms-Katholiek
13PE01;Varendonck College;SOMEREN;SOMEREN;Rooms-Katholiek
13US00;AOC De Groene Welle;ZWOLLE;ZWOLLE;Algemeen bijzonder
13WH00;GSG Leo Vroman;GOUDA;GOUDA;Openbaar
14LF00;Jan van Brabant College Molenstraat;HELMOND;HELMOND;Openbaar
14NQ00;Dominicus;NIJMEGEN;NIJMEGEN;Rooms-Katholiek
14OY00;Gerrit Rietveld College;UTRECHT;UTRECHT;Samenwerking PC, RK
14QT00;Marnix Gymnasium;ROTTERDAM;ROTTERDAM;Protestants-Christelijk
14RC00;Farelcollege;AMERSFOORT;AMERSFOORT;Protestants-Christelijk
14RC03;Oostwende College;BUNSCHOTEN-SPAKENBURG;BUNSCHOTEN;Protestants-Christelijk
14RC04;Corderius College;AMERSFOORT;AMERSFOORT;Protestants-Christelijk
14RC06;Prisma College;AMERSFOORT;AMERSFOORT;Protestants-Christelijk
14RR00;DevelsteinCollege;ZWIJNDRECHT;ZWIJNDRECHT;Protestants-Christelijk
14RR01;DevelsteinCollege locatie Loket;ZWIJNDRECHT;ZWIJNDRECHT;Protestants-Christelijk
14SF00;SGM De Goudse Waarden, Praktijkonderwijs;GOUDA;GOUDA;Protestants-Christelijk
14SF01;SGM De Goudse Waarden, lyceum;GOUDA;GOUDA;Protestants-Christelijk
14SF03;SGM De Goudse Waarden;GOUDA;GOUDA;Protestants-Christelijk
14SW00;Roncalli Scholengemeenschap;BERGEN OP ZOOM;BERGEN OP ZOOM;Samenwerking PC, RK
14SZ00;Newmancollege;BREDA;BREDA;Rooms-Katholiek
14TA00;Lyceum Zandvliet;'S-GRAVENHAGE;S GRAVENHAGE;Protestants-Christelijk
14UM00;Almende College;SILVOLDE;OUDE IJSSELSTREEK;Rooms-Katholiek
14UM01;Almende College, Bluemers;SILVOLDE;OUDE IJSSELSTREEK;Rooms-Katholiek
14UM02;Almende College, Wesenthorst;ULFT;OUDE IJSSELSTREEK;Rooms-Katholiek
14WE00;S. Adelbert College;WASSENAAR;WASSENAAR;Rooms-Katholiek
14WL00;Krimpenerwaard College;KRIMPEN AAN DEN IJSSEL;KRIMPEN AAN DEN IJSSEL;Algemeen bijzonder
14YD03;Floracollege;NAALDWIJK;WESTLAND;Algemeen bijzonder
14YD06;Lentiz;MAASLAND;MIDDEN-DELFLAND;Algemeen bijzonder
14YD09;Lentiz Dalton mavo;NAALDWIJK;WESTLAND;Algemeen bijzonder
15BH00;Chr Sgm Groene Hart Leerpark;ALPHEN AAN DEN RIJN;ALPHEN AAN DEN RIJN;Protestants-Christelijk
15BH01;Chr Sgm Groene Hart Lyceum;ALPHEN AAN DEN RIJN;ALPHEN AAN DEN RIJN;Protestants-Christelijk
15BH04;Chr Sgm Groene Hart Rijnwoude;HAZERSWOUDE-DORP;ALPHEN AAN DEN RIJN;Protestants-Christelijk
15BH05;Chr Sgm Groene Hart Topmavo;ALPHEN AAN DEN RIJN;ALPHEN AAN DEN RIJN;Protestants-Christelijk
15BS00;Sondervick College;VELDHOVEN;VELDHOVEN;Rooms-Katholiek
15EO00;OSG Libanon Lyceum;ROTTERDAM;ROTTERDAM;Openbaar
15HX00;Thorbecke Prinsenlaan;ROTTERDAM;ROTTERDAM;Openbaar
15HX02;Thorbecke vmbo mavo;ROTTERDAM;ROTTERDAM;Openbaar
15HX03;Thorbecke VO;NIEUWERKERK AD IJSSEL;ZUIDPLAS;Openbaar
15HX07;Thorbecke Merkelbackstr;ROTTERDAM;ROTTERDAM;Openbaar
15JM00;Utrechts Stedelijk Gymnasium;UTRECHT;UTRECHT;Openbaar
15KR00;Wolfert havo/vwo;ROTTERDAM;ROTTERDAM;Openbaar
15KR05;Wolfert Dalton ;ROTTERDAM;ROTTERDAM;Openbaar
15KR06;Sg Wolfert van Borselen;BERGSCHENHOEK;LANSINGERLAND;Openbaar
15KR10;Wolfert College;ROTTERDAM;ROTTERDAM;Openbaar
15KR12;Wolfert PRO;BERGSCHENHOEK;LANSINGERLAND;Openbaar
15OM00;Het Schoonhovens College;SCHOONHOVEN;KRIMPENERWAARD;Openbaar
15OM01;Het Schoonhovens College, Vlisterweg;SCHOONHOVEN;KRIMPENERWAARD;Openbaar
15QW00;RGO;MIDDELHARNIS;GOEREE-OVERFLAKKEE;Openbaar
15SC00;Erasmianum Gem Gymnasium;ROTTERDAM;ROTTERDAM;Openbaar
15XV00;Hoeksch Lyceum;OUD-BEIJERLAND;OUD-BEIJERLAND;Openbaar
15XV01;Actiefcollege;OUD-BEIJERLAND;OUD-BEIJERLAND;Openbaar
16EI00;Lyceum Schravenlant;SCHIEDAM;SCHIEDAM;Openbaar
16GZ00;RSG Tromp Meesters;STEENWIJK;STEENWIJKERLAND;Openbaar
16GZ01;RSG Tromp Meesters vmbo;STEENWIJK;STEENWIJKERLAND;Openbaar
16JO00;SSG De Rede;TERNEUZEN;TERNEUZEN;Openbaar
16MQ00;Kon Willem II College;TILBURG;TILBURG;Openbaar
16NK00;Vrije School Zutphen;ZUTPHEN;ZUTPHEN;Antroposofisch
16OX00;2College Durendael;OISTERWIJK;OISTERWIJK;Rooms-Katholiek
16OX01;2College De Nieuwste School;TILBURG;TILBURG;Rooms-Katholiek
16OX02;2College Cobbenhagenlyceum;TILBURG;TILBURG;Rooms-Katholiek
16OX03;2College Ruiven;BERKEL-ENSCHOT;TILBURG;Rooms-Katholiek
16OX04;2College Jozefmavo;TILBURG;TILBURG;Rooms-Katholiek
16OX10;2College Cobbenhagenmavo;TILBURG;TILBURG;Rooms-Katholiek
16PA00;Chr Gymnasium;UTRECHT;UTRECHT;Protestants-Christelijk
16PK00;Calvijn Vreewijk;ROTTERDAM;ROTTERDAM;Protestants-Christelijk
16PK04;Calvijn Focus Beroepsacademie;BARENDRECHT;BARENDRECHT;Protestants-Christelijk
16PK05;Calvijn Lombardijen;ROTTERDAM;ROTTERDAM;Protestants-Christelijk
16PK07;Calvijn Juliana;ROTTERDAM;ROTTERDAM;Protestants-Christelijk
16PK08;Calvijn Meerpaal;ROTTERDAM;ROTTERDAM;Protestants-Christelijk
16PK09;Calvijn Groene Hart;BARENDRECHT;BARENDRECHT;Protestants-Christelijk
16PK10;Calvijn Maarten Luther;ROTTERDAM;ROTTERDAM;Protestants-Christelijk
16QA00;De Lage Waard, Vijzellaan;PAPENDRECHT;PAPENDRECHT;Protestants-Christelijk
16QA01;De Lage Waard, Burg Keijzerweg;PAPENDRECHT;PAPENDRECHT;Protestants-Christelijk
16QH00;De Nassau, loc. Paul Krugerlaan;BREDA;BREDA;Protestants-Christelijk
16QH01;De Nassau, loc. De la Reijweg;BREDA;BREDA;Protestants-Christelijk
16QN00;RK Gymnasium Juvenaat H. Hart;BERGEN OP ZOOM;BERGEN OP ZOOM;Rooms-Katholiek
16RB00;Jacob Roelandslyceum;BOXTEL;BOXTEL;Rooms-Katholiek
16RF00;OLV - Breda;BREDA;BREDA;Rooms-Katholiek
16RT00;Heerbeeck College;BEST;BEST;Rooms-Katholiek
16RT01;Kempenhorst VMBO College;OIRSCHOT;OIRSCHOT;Rooms-Katholiek
16SK00;Liemers College, loc. Heerenmäten;ZEVENAAR;ZEVENAAR;Samenwerking PC, RK
16SK01;Liemers College;DIDAM;MONTFERLAND;Samenwerking PC, RK
16SK05;Liemers College, loc. Landeweer;ZEVENAAR;ZEVENAAR;Samenwerking PC, RK
16SW00;Metameer Stevensbeek;STEVENSBEEK;SINT ANTHONIS;Rooms-Katholiek
16SW03;Metameer;BOXMEER;BOXMEER;Rooms-Katholiek
16SW05;Metameer vmbo Stevensbeek;STEVENSBEEK;SINT ANTHONIS;Rooms-Katholiek
16TV00;De Vrije School;'S-GRAVENHAGE;S GRAVENHAGE;Antroposofisch
16TV01;Rudolf Steiner College;ROTTERDAM;ROTTERDAM;Antroposofisch
16VI00;RK SGM Canisius;ALMELO;ALMELO;Rooms-Katholiek
16VI01;Canisius Tubbergen;TUBBERGEN;TUBBERGEN;Rooms-Katholiek
16VK00;Dr. Mollercollege;WAALWIJK;WAALWIJK;Rooms-Katholiek
16VK01;Van Haestrechtcollege;KAATSHEUVEL;LOON OP ZAND;Rooms-Katholiek
16VK02;Walewyc-mavo;WAALWIJK;WAALWIJK;Rooms-Katholiek
16VK03;d' Oultremontcollege;DRUNEN;HEUSDEN;Rooms-Katholiek
16YC00;Scheldemond College;VLISSINGEN;VLISSINGEN;Openbaar
16YV00;Pantarijn SGM;WAGENINGEN;WAGENINGEN;Openbaar
16YV01;Pantarijn vmbo;WAGENINGEN;WAGENINGEN;Openbaar
16YV02;Pantarijn SGM;RHENEN;RHENEN;Openbaar
16YV04;Pantarijn SGM;KESTEREN;NEDER-BETUWE;Openbaar
17AA00;Gerrit Komrij College;WINTERSWIJK;WINTERSWIJK;Openbaar
17AN00;Minkema College, loc. Mink;WOERDEN;WOERDEN;Openbaar
17AN01;Minkema College, loc. Stein;WOERDEN;WOERDEN;Openbaar
17AY00;Cambium Buys Ballot;ZALTBOMMEL;ZALTBOMMEL;Openbaar
17AY04;Cambium De Waard;ZALTBOMMEL;ZALTBOMMEL;Openbaar
17BI00;OSG Schoonoord;ZEIST;ZEIST;Openbaar
17BI02;Schoonoord Doorn ;DOORN;UTRECHTSE HEUVELRUG;Openbaar
17BZ00;Van Der Capellen;ZWOLLE;ZWOLLE;Openbaar
17BZ02;De Capellenborg;WIJHE;OLST-WIJHE;Openbaar
17BZ03;Van Kinsbergen college;ELBURG;ELBURG;Openbaar
17BZ04;De Zeven Linden;DEDEMSVAART;HARDENBERG;Openbaar
17CK00;RSG Slingerbos/Levant;HARDERWIJK;HARDERWIJK;Openbaar
17CK01;Reg Sgm 't Slingerbos;ZEEWOLDE;ZEEWOLDE;Openbaar
17CR00;Einstein Lyceum;HOOGVLIET ROTTERDAM;ROTTERDAM;Openbaar
17GM00;Oosterlicht College;NIEUWEGEIN;NIEUWEGEIN;Protestants-Christelijk
17GM02;Oosterlicht College;VIANEN UT;VIANEN;Protestants-Christelijk
17HN00;Elzendaalcollege;BOXMEER;BOXMEER;Rooms-Katholiek
17HN02;Elzendaalcollege;GENNEP;GENNEP;Rooms-Katholiek
17HR00;Hofstad mavo;'S-GRAVENHAGE;S GRAVENHAGE;Samenwerking PC, RK
17HR02;Hofstad lyceum;'S-GRAVENHAGE;S GRAVENHAGE;Samenwerking PC, RK
17HR05;Heldring VMBO;'S-GRAVENHAGE;S GRAVENHAGE;Samenwerking PC, RK
17HX00;Rientjes Mavo Maarssen;MAARSSEN;STICHTSE VECHT;Rooms-Katholiek
17IM00;Over Betuwe College;BEMMEL;LINGEWAARD;Rooms-Katholiek
17IM02;Over Betuwe College Huissen;HUISSEN;LINGEWAARD;Rooms-Katholiek
17IM04;Over Betuwe College junior;BEMMEL;LINGEWAARD;Rooms-Katholiek
17IM05;Over Betuwe College;ELST GLD;OVERBETUWE;Rooms-Katholiek
17IR00;Pax Christi College;DRUTEN;DRUTEN;Rooms-Katholiek
17JY00;Gymn Beekvliet;SINT-MICHIELSGESTEL;SINT-MICHIELSGESTEL;Rooms-Katholiek
17KF00;Van Maerlant;'S-HERTOGENBOSCH;S HERTOGENBOSCH;Rooms-Katholiek
17KF02;Van Maerlant vakschool;'S-HERTOGENBOSCH;S HERTOGENBOSCH;Rooms-Katholiek
17KY00;Roncalli MAVO;ROTTERDAM;ROTTERDAM;Rooms-Katholiek
17VN01;Bonhoeffer College Geessinkweg;ENSCHEDE;ENSCHEDE;Samenwerking PC, RK
17VN05;Bonhoeffer College vd Waalslaan;ENSCHEDE;ENSCHEDE;Samenwerking PC, RK
17VN06;Bonhoeffer College Bruggertstr;ENSCHEDE;ENSCHEDE;Samenwerking PC, RK
17VN07;Bonhoeffer College Vlierstr;ENSCHEDE;ENSCHEDE;Samenwerking PC, RK
17VN09;Bonhoeffer College, wet. Beversstr;ENSCHEDE;ENSCHEDE;Samenwerking PC, RK
17VP00;Peelland College;DEURNE;DEURNE;Rooms-Katholiek
17VP01;Alfrinkcollege;DEURNE;DEURNE;Rooms-Katholiek
17VP02;Hub van Doornecollege;DEURNE;DEURNE;Rooms-Katholiek
17VS00;Greijdanus College;ZWOLLE;ZWOLLE;Gereformeerd
17VS02;Greijdanus College;ENSCHEDE;ENSCHEDE;Gereformeerd
17VS03;Greijdanus College;HARDENBERG;HARDENBERG;Gereformeerd
17VS04;Greijdanus College;MEPPEL;MEPPEL;Gereformeerd
17WP00;Werkpl Kindergem Sch;BILTHOVEN;DE BILT;Algemeen bijzonder
17WQ00;Lentiz - Groen van Prinstererlyceum;VLAARDINGEN;VLAARDINGEN;Interconfessioneel
17WQ05;Lentiz - Geuzencollege;VLAARDINGEN;VLAARDINGEN;Interconfessioneel
17WQ06;Lentiz locatie Revius;MAASSLUIS;MAASSLUIS;Interconfessioneel
17WQ08;Lentiz VMBO Life College;SCHIEDAM;SCHIEDAM;Samenwerking PC, RK
17WQ11;Lentiz VMBO Maassluis;MAASSLUIS;MAASSLUIS;Interconfessioneel
17XU00;Heerenlanden College;LEERDAM;LEERDAM;Protestants-Christelijk
17XU01;Heerenlanden College vmbo;LEERDAM;LEERDAM;Protestants-Christelijk
17YF00;Zuiderpark College;ROTTERDAM;ROTTERDAM;Samenwerking PC, RK, Alg. Bijz
17YF02;De Waal, YBS;ROTTERDAM;ROTTERDAM;Samenwerking PC, RK, Alg. Bijz
18AN00;Globe College;UTRECHT;UTRECHT;Protestants-Christelijk
18CH00;Melanchthon;ROTTERDAM;ROTTERDAM;Protestants-Christelijk
18CH02;Melanchthon Wilgenplaslaan;ROTTERDAM;ROTTERDAM;Protestants-Christelijk
18CH03;Melanchthon Mavo Schiebroek;ROTTERDAM;ROTTERDAM;Protestants-Christelijk
18CH04;Melanchthon Business School;BLEISWIJK;LANSINGERLAND;Protestants-Christelijk
18CH06;Melanchthon De Blesewic;BLEISWIJK;LANSINGERLAND;Protestants-Christelijk
18CH07;Melanchthon Bergschenhoek;BERGSCHENHOEK;LANSINGERLAND;Protestants-Christelijk
18CH09;Melanchthon Kralingen;ROTTERDAM;ROTTERDAM;Protestants-Christelijk
18CH10;Melanchthon Mathenesse;ROTTERDAM;ROTTERDAM;Protestants-Christelijk
18CH12;Melanchthon Berkroden;BERKEL EN RODENRIJS;LANSINGERLAND;Protestants-Christelijk
18CR00;Lyceum De Grundel;HENGELO OV;HENGELO;Rooms-Katholiek
18CR01;VMBO de Spindel Bataafse Kamp;HENGELO OV;HENGELO;Samenwerking PC, RK
18CR02;Avila College;HENGELO OV;HENGELO;Rooms-Katholiek
18CR08;VMBO de Spindel Paul Krugerstraat;HENGELO OV;HENGELO;Rooms-Katholiek
18DQ00;SGM Lelystad;LELYSTAD;LELYSTAD;Algemeen bijzonder
18GC00;SGM De Rietlanden;LELYSTAD;LELYSTAD;Algemeen bijzonder
18TR00;Gemini College;RIDDERKERK;RIDDERKERK;Openbaar
18TR01;Gemini Lekkerkerk;LEKKERKERK;KRIMPENERWAARD;Openbaar
18TR02;Walburg College Zwijndrecht;ZWIJNDRECHT;ZWIJNDRECHT;Openbaar
18TR03;Walburg College locatie Loket;ZWIJNDRECHT;ZWIJNDRECHT;Openbaar
18TR07;Dalton Barendrecht;BARENDRECHT;BARENDRECHT;Openbaar
18TR11;Dalton Focus Beroepsacademie;BARENDRECHT;BARENDRECHT;Openbaar
18WS00;Anna Van Ryn College;NIEUWEGEIN;NIEUWEGEIN;Openbaar
18WS01;Anna xmbo;NIEUWEGEIN;NIEUWEGEIN;Openbaar
18WS02;Anna Van Ryn College, Zuid;NIEUWEGEIN;NIEUWEGEIN;Openbaar
18XR00;Rythovius College;EERSEL;EERSEL;Rooms-Katholiek
18XU00;Beatrix College;TILBURG;TILBURG;Openbaar
18XU01;Beatrix College locatie Reeshof;TILBURG;TILBURG;Openbaar
18XX00;Berechja College;URK;URK;Protestants-Christelijk
19DH00;De Ring van Putten;SPIJKENISSE;NISSEWAARD;Openbaar
19EN00;Jan Tinbergen Coll., loc. Burg. Schneiderlaan;ROOSENDAAL;ROOSENDAAL;Openbaar
19EN02;Jan Tinbergen Coll., loc. Azaleastraat;ROOSENDAAL;ROOSENDAAL;Openbaar
19EW00;Lek en Linge vwo;CULEMBORG;CULEMBORG;Openbaar
19EW01;Lek en Linge vmbo;CULEMBORG;CULEMBORG;Openbaar
19EW03;Lek en Linge havo;CULEMBORG;CULEMBORG;Openbaar
19EW05;de Lingeborgh;GELDERMALSEN;GELDERMALSEN;Openbaar
19FF00;SGM De Waerdenborch;HOLTEN;RIJSSEN-HOLTEN;Openbaar
19FF04;SGM De Waerdenborch;GOOR;HOF VAN TWENTE;Openbaar
19GY00;Comenius College;CAPELLE AAN DEN IJSSEL;CAPELLE AAN DEN IJSSEL;Protestants-Christelijk
19GY04;Comenius College Krimpen;KRIMPEN AAN DEN IJSSEL;KRIMPEN AAN DEN IJSSEL;Protestants-Christelijk
19GY05;Comenius College Rotterdam;ROTTERDAM;ROTTERDAM;Protestants-Christelijk
19GY06;Comenius College Nieuwerkerk;NIEUWERKERK AD IJSSEL;ZUIDPLAS;Protestants-Christelijk
19HG07;Twickel College;HENGELO OV;HENGELO;Rooms-Katholiek
19HG08;de Spindel, Europalaan;HENGELO OV;HENGELO;Rooms-Katholiek
19HG09;De Spindel, Bataafse Kamp;HENGELO OV;HENGELO;Rooms-Katholiek
19HG10;De Spindel, Krugerstraat;HENGELO OV;HENGELO;Rooms-Katholiek
19IP00;Rembrandt College;VEENENDAAL;VEENENDAAL;Openbaar
19IP01;Rembrandt College;RHENEN;RHENEN;Openbaar
19KM00;Mavo Schravenlant XL;SCHIEDAM;SCHIEDAM;Openbaar
19KZ00;Pallas Athene College;EDE GLD;EDE;Openbaar
19QA00;Koningin Wilhelmina College;CULEMBORG;CULEMBORG;Samenwerking PC, RK
19QA04;Koningin Wilhelmina College, vmbo;CULEMBORG;CULEMBORG;Samenwerking PC, RK
19RX00;Merletcollege, Grotestraat;CUIJK;CUIJK;Rooms-Katholiek
19RX01;Merletcollege;GRAVE;GRAVE;Rooms-Katholiek
19RX02;Merletcollege;MILL;MILL EN SINT HUBERT;Rooms-Katholiek
19RX03;Merletcollege, Robijnlaan;CUIJK;CUIJK;Rooms-Katholiek
19XH00;Het Hooghuis;OSS;OSS;Algemeen bijzonder
19XH01;Het Hooghuis locatie Stadion;OSS;OSS;Algemeen bijzonder
19XH02;Hooghuis Lyceum, Ravenstein;RAVENSTEIN;OSS;Algemeen bijzonder
19XH03;Hooghuis Lyceum;HEESCH;BERNHEZE;Algemeen bijzonder
19XH04;Hooghuis Lyceum, Zuid;OSS;OSS;Algemeen bijzonder
19XH05;Hooghuis Lyceum, West;OSS;OSS;Algemeen bijzonder
19XH07;Hooghuis Lyceum, Den Bongerd;OSS;OSS;Algemeen bijzonder
19XH09;Mondriaan;OSS;OSS;Algemeen bijzonder
19XV00;Prisma VO;BREDA;BREDA;Openbaar
19XV01;Graaf Engelbrecht;BREDA;BREDA;Openbaar
19XV02;De Rotonde vmbo;BREDA;BREDA;Openbaar
19ZP00;Maris College;'S-GRAVENHAGE;S GRAVENHAGE;Openbaar
19ZP03;Maris College - Kijkduin;'S-GRAVENHAGE;S GRAVENHAGE;Openbaar
19ZP04;Maris College - Statenkwartier;'S-GRAVENHAGE;S GRAVENHAGE;Openbaar
19ZP05;Maris College - Houtrust;'S-GRAVENHAGE;S GRAVENHAGE;Openbaar
19ZP06;Maric College - Waldeck;S-GRAVENHAGE;S GRAVENHAGE;Openbaar
19ZU00;Gem Gymn Camphusianum;GORINCHEM;GORINCHEM;Openbaar
20AB00;Grotius College;DELFT;DELFT;Openbaar
20AB06;Grotius College, SC Delfland;DELFT;DELFT;Openbaar
20AD00;Rietveld Lyceum;DOETINCHEM;DOETINCHEM;Openbaar
20AE00;Willem De Zwijger College;PAPENDRECHT;PAPENDRECHT;Openbaar
20AE01;Willem De Zwijger College;HARDINXVELD-GIESSENDAM;HARDINXVELD-GIESSENDAM;Openbaar
20AI00;Coornhert Gymnasium;GOUDA;GOUDA;Openbaar
20AJ00;Stedelijk Gymnasium;'S-HERTOGENBOSCH;S HERTOGENBOSCH;Openbaar
20AM00;Farelcollege;RIDDERKERK;RIDDERKERK;Protestants-Christelijk
20AT00;Sint-Joriscollege;EINDHOVEN;EINDHOVEN;Rooms-Katholiek
20AT01;Aloysius De Roosten;EINDHOVEN;EINDHOVEN;Rooms-Katholiek
20AT03;Vakcollege Eindhoven;EINDHOVEN;EINDHOVEN;Rooms-Katholiek
20AT07;Pleinschool Helder;EINDHOVEN;EINDHOVEN;Rooms-Katholiek
20BC00;Oranje Nassau College;ZOETERMEER;ZOETERMEER;Protestants-Christelijk
20BC01;Oranje Nassau College Clauslaan;ZOETERMEER;ZOETERMEER;Protestants-Christelijk
20BH00;IJsselcollege Alkenlaan;CAPELLE AAN DEN IJSSEL;CAPELLE AAN DEN IJSSEL;Openbaar
20BH01;IJsselcollege Kanaalweg;CAPELLE AAN DEN IJSSEL;CAPELLE AAN DEN IJSSEL;Algemeen bijzonder
20BK00;Stedelijk College;EINDHOVEN;EINDHOVEN;Openbaar
20BK01;Stedelijk College Oude Bossche Baan;EINDHOVEN;EINDHOVEN;Openbaar
20BQ00;Mill-Hillcollege;GOIRLE;GOIRLE;Rooms-Katholiek
20CF00;Gymnasium Celeanum;ZWOLLE;ZWOLLE;Openbaar
20CI00;Stedelijk Gymnasium;NIJMEGEN;NIJMEGEN;Openbaar
20CJ00;Het Lyceum Vos;VLAARDINGEN;VLAARDINGEN;Openbaar
20CJ04;Het College Vos ;VLAARDINGEN;VLAARDINGEN;Openbaar
20CJ11;De Mavo Vos;VLAARDINGEN;VLAARDINGEN;Openbaar
20CK00;Johan van Oldenbarnevelt;AMERSFOORT;AMERSFOORT;Openbaar
20CP00;Nehalennia SSG, loc. Kruisweg;MIDDELBURG;MIDDELBURG;Openbaar
20CP04;Nehalennia SSG, loc. Breeweg;MIDDELBURG;MIDDELBURG;Openbaar
20CQ00;Rijswijks Lyceum;RIJSWIJK ZH;RIJSWIJK;Openbaar
20CQ01;Lyceum Ypenburg;'S-GRAVENHAGE;S GRAVENHAGE;Openbaar
20CR00;Zuyderzee College;EMMELOORD;NOORDOOSTPOLDER;Openbaar
20CR01;Zuyderzee College, Vakcollege;EMMELOORD;NOORDOOSTPOLDER;Openbaar
20CS00;Bataafs Lyceum;HENGELO OV;HENGELO;Openbaar
20CS04;Gilde College;HENGELO OV;HENGELO;Openbaar
20CS07;Montessori College Twente;HENGELO OV;HENGELO;Openbaar
20DB00;Thorbecke SGM;ZWOLLE;ZWOLLE;Openbaar
20DB03;Thorbecke vmbo-pro;ZWOLLE;ZWOLLE;Openbaar
20DC00;Stedelijk;SCHIEDAM;SCHIEDAM;Openbaar
20DH00;Het Stedelijk, Isendoornstraat;ZUTPHEN;ZUTPHEN;Openbaar
20DH06;Het Stedelijk, Wijnhofstraat;ZUTPHEN;ZUTPHEN;Openbaar
20DH08;Het Stedelijk, Weerdslag;ZUTPHEN;ZUTPHEN;Openbaar
20EA00;De Amersfoortse Berg;AMERSFOORT;AMERSFOORT;Openbaar
20EI00;t Atrium;AMERSFOORT;AMERSFOORT;Openbaar
20EI01;VMBO Trivium College;AMERSFOORT;AMERSFOORT;Openbaar
20EI02;MAVO Trivium College;AMERSFOORT;AMERSFOORT;Openbaar
20EI03;Vathorst College;AMERSFOORT;AMERSFOORT;Openbaar
20EO00;Stedelijke SGM Nijmegen;NIJMEGEN;NIJMEGEN;Openbaar
20FR00;PENTA college;SPIJKENISSE;NISSEWAARD;Protestants-Christelijk
20FR02;PENTA Scala Rietvelden;SPIJKENISSE;NISSEWAARD;Protestants-Christelijk
20FR03;PENTA De Oude Maas;SPIJKENISSE;NISSEWAARD;Protestants-Christelijk
20FR04;PENTA Hoogvliet;HOOGVLIET ROTTERDAM;ROTTERDAM;Protestants-Christelijk
20FR06;PENTA Jacob van Liesveldt;HELLEVOETSLUIS;HELLEVOETSLUIS;Protestants-Christelijk
20FR07;PENTA Godfried Richter;ROZENBURG ZH;ROTTERDAM;Protestants-Christelijk
20FR08;PENTA Bahûrim;BRIELLE;BRIELLE;Protestants-Christelijk
20GA00;Van Maerlantlyceum;EINDHOVEN;EINDHOVEN;Rooms-Katholiek
20GD00;Vakcollege Tilburg;TILBURG;TILBURG;Rooms-Katholiek
20GD01;Frater van Gemertschool;TILBURG;TILBURG;Rooms-Katholiek
20IB00;Eckartcollege;EINDHOVEN;EINDHOVEN;Samenwerking PC, RK
20IB03;Pleincollege Nuenen;NUENEN;NUENEN CA;Samenwerking PC, RK
20JX00;Vakcollege Helmond ;HELMOND;HELMOND;Rooms-Katholiek
20JX02;Carolus Borromeus College;HELMOND;HELMOND;Rooms-Katholiek
20JX04;Dr.-Knippenbergcollege;HELMOND;HELMOND;Rooms-Katholiek
20KQ00;Openbare SGM Apeldoorn;APELDOORN;APELDOORN;Openbaar
20KQ04;Edison College;APELDOORN;APELDOORN;Openbaar
20KZ00;Joh De Wittgymnasium;DORDRECHT;DORDRECHT;Openbaar
20LU00;Gymnasium Haganum;'S-GRAVENHAGE;S GRAVENHAGE;Openbaar
20MA00;SGM het Segbroekcollege, Klaverstraat;'S-GRAVENHAGE;S GRAVENHAGE;Openbaar
20MA01;SGM het Segbroekcollege, Goudsbloemlaan;'S-GRAVENHAGE;S GRAVENHAGE;Openbaar
20MD00;Maerlant Lyceum;'S-GRAVENHAGE;S GRAVENHAGE;Openbaar
20MF00;Dalton Den Haag;'S-GRAVENHAGE;S GRAVENHAGE;Openbaar
20MJ00;Johan de Witt Zusterstraat;'S-GRAVENHAGE;S GRAVENHAGE;Openbaar
20MJ02;Maris - Belgisch Park;'S-GRAVENHAGE;S GRAVENHAGE;Openbaar
20MJ05;Johan de Witt Hooftskade;'S-GRAVENHAGE;S GRAVENHAGE;Openbaar
20MM00;Zuid-West College;'S-GRAVENHAGE;S GRAVENHAGE;Algemeen bijzonder
20MM01;Wateringse Veld College;'S-GRAVENHAGE;S GRAVENHAGE;Algemeen bijzonder
20MM06;Roemer Visscher College;'S-GRAVENHAGE;S GRAVENHAGE;Algemeen bijzonder
20QU00;Gymnasium Apeldoorn;APELDOORN;APELDOORN;Openbaar
20RM00;Stedelijk Gymnasium Arnhem;ARNHEM;ARNHEM;Openbaar
20ST00;Sint-Janslyceum;'S-HERTOGENBOSCH;S HERTOGENBOSCH;Rooms-Katholiek
20SY00;Jeroen Bosch College;'S-HERTOGENBOSCH;S HERTOGENBOSCH;Rooms-Katholiek
20TZ00;Lorentz Lyceum;ARNHEM;ARNHEM;Openbaar
20TZ04;Het Westeraam;ELST GLD;OVERBETUWE;Openbaar
20TZ07;Maarten van Rossem;ARNHEM;ARNHEM;Openbaar
20TZ11;Lyceum Elst;ELST GLD;OVERBETUWE;Openbaar
20WI00;Het Maaslandcollege;OSS;OSS;Rooms-Katholiek
20ZK00;Da Vinci College;ROOSENDAAL;ROOSENDAAL;Rooms-Katholiek
20ZK02;Gertrudiscollege;ROOSENDAAL;ROOSENDAAL;Rooms-Katholiek
20ZK04;Norbertuscollege;ROOSENDAAL;ROOSENDAAL;Rooms-Katholiek
20ZK11;Gertrudiscollege Vincentius;ROOSENDAAL;ROOSENDAAL;Rooms-Katholiek
21CY03;Prinsentuin Oudenbosch vmbo;OUDENBOSCH;HALDERBERGE;Samenwerking PC, RK, Alg. Bijz
21CY05;Prinsentuin Andel vmbo;ANDEL;WOUDRICHEM;Samenwerking PC, RK, Alg. Bijz
21EX00;Theresialyceum;TILBURG;TILBURG;Rooms-Katholiek
21EX01;Theresialyceum, nevenvestiging Frater van Gemertschool ;TILBURG;TILBURG;Rooms-Katholiek
21FV00;Sint Odulphuslyceum;TILBURG;TILBURG;Rooms-Katholiek
21GU00;Edith Stein College;'S-GRAVENHAGE;S GRAVENHAGE;Samenwerking PC, RK
21GU04;Corbulo College;VOORBURG;LEIDSCHENDAM-VOORBURG;Samenwerking PC, RK
21GU06;Diamant College;'S-GRAVENHAGE;S GRAVENHAGE;Samenwerking PC, RK
21GU07;Montaigne Lyceum;'S-GRAVENHAGE;S GRAVENHAGE;Samenwerking PC, RK
21GU08;College St. Paul;'S-GRAVENHAGE;S GRAVENHAGE;Samenwerking PC, RK
21GV00;SG Were Di;VALKENSWAARD;VALKENSWAARD;Rooms-Katholiek
21GW01;Bonaventuracollege;ROELOFARENDSVEEN;KAAG EN BRAASSEM;Rooms-Katholiek
21GZ00;Cambreur College;DONGEN;DONGEN;Rooms-Katholiek
21GZ06;Hanze College;OOSTERHOUT NB;OOSTERHOUT;Rooms-Katholiek
21HC00;ISW Hoogeland Naaldwijk;NAALDWIJK;WESTLAND;Samenwerking PC, RK
21HC01;ISW Hoge Woerd Naaldwijk;NAALDWIJK;WESTLAND;Samenwerking PC, RK
21HC03;ISW Gasthuislaan 's Gravenzande;'S-GRAVENZANDE;WESTLAND;Samenwerking PC, RK
21HC04;ISW Irenestraat Poeldijk;POELDIJK;WESTLAND;Samenwerking PC, RK
21HC12;ISW Sweelincklaan 's-Gravenzande;'S-GRAVENZANDE;WESTLAND;Samenwerking PC, RK
21SK00;Mondial College, loc. Leuvensebroek;NIJMEGEN;NIJMEGEN;Openbaar
21SK01;Mondial College, loc. Meeuwsw Acker;NIJMEGEN;NIJMEGEN;Openbaar
22NE00;College De Heemlanden;HOUTEN;HOUTEN;Samenwerking PC, RK, Alg. Bijz
23AP00;MY college;SPIJKENISSE;NISSEWAARD;Openbaar
23FY00;Bossche Vakschool;'S-HERTOGENBOSCH;S HERTOGENBOSCH;Samenwerking RK, Alg. Bijz.
23HC00;RSG Lingecollege, loc. Teisterbantlaan;TIEL;TIEL;Openbaar
23HC01;RSG Lingecollege, loc. Heiligestraat;TIEL;TIEL;Openbaar
23JA01;Grafisch Lyceum R'dam;ROTTERDAM;ROTTERDAM;Algemeen bijzonder
23VD00;Broeckland College Breukelen;BREUKELEN UT;STICHTSE VECHT;Protestants-Christelijk
23VL00;SGM Pieter Zandt;KAMPEN;KAMPEN;Reformatorisch
23VL02;SGM Pieter Zandt;URK;URK;Reformatorisch
23WU00;CSG Eekeringe;STEENWIJK;STEENWIJKERLAND;Samenwerking PC, RK
23YU00;Nova College;ROTTERDAM;ROTTERDAM;Samenwerking PC, RK, Alg. Bijz
23YU01;Slinge;ROTTERDAM;ROTTERDAM;Samenwerking PC, RK, Alg. Bijz
23YU02;Montfort College;ROTTERDAM;ROTTERDAM;Samenwerking PC, RK, Alg. Bijz
23YU04;Charles de Foucauld;SPIJKENISSE;NISSEWAARD;Samenwerking PC, RK, Alg. Bijz
23YU08;Palmentuin;ROTTERDAM;ROTTERDAM;Samenwerking PC, RK, Alg. Bijz
24PY00;Stedelijk Dalton Lyceum;DORDRECHT;DORDRECHT;Openbaar
24PY02;Stedelijk Dalton Lyceum;DORDRECHT;DORDRECHT;Openbaar
24PY05;Stedelijk Dalton Lyceum, Kapteynweg ;DORDRECHT;DORDRECHT;Openbaar
24TF00;Staring College;LOCHEM;LOCHEM;Openbaar
24TF01;Staring College Beukenlaan;BORCULO;BERKELLAND;Openbaar
24TF02;Staring College Herenlaan;BORCULO;BERKELLAND;Openbaar
24TJ00;Trajectum College;UTRECHT;UTRECHT;Openbaar
24TP00;Fortis Lyceum;GORINCHEM;GORINCHEM;Openbaar
24TP02;Omnia College;GORINCHEM;GORINCHEM;Openbaar
24TR00;Leidsche Rijn College;UTRECHT;UTRECHT;Openbaar
24TR03;X11 media en vormgeving;UTRECHT;UTRECHT;Openbaar
24TR05;Via Nova College;UTRECHT;UTRECHT;Openbaar
25CL00;RSG Stad en Esch;MEPPEL;MEPPEL;Openbaar
25CL01;RSG Stad en Esch, Beroepencoll;MEPPEL;MEPPEL;Openbaar
25FX00;Reynaert College, loc. Zoutestraat;HULST;HULST;Rooms-Katholiek
25FX01;Reynaert College, loc. Gildenstraat;HULST;HULST;Rooms-Katholiek
25GA00;SCZ - Picasso Lyceum;ZOETERMEER;ZOETERMEER;Openbaar
25GA01;Stedelijk College Zoetermeer;ZOETERMEER;ZOETERMEER;Openbaar
25GC00;Markenhage;BREDA;BREDA;Rooms-Katholiek
25GC01;Tessenderlandt;BREDA;BREDA;Rooms-Katholiek
25GC02;Mencia de Mendoza;BREDA;BREDA;Rooms-Katholiek
25GC03;Mencia Sandrode ;ZUNDERT;ZUNDERT;Rooms-Katholiek
25GC08;De la Salle;BAARLE-NASSAU;BAARLE-NASSAU;Rooms-Katholiek
25GC09;Christoffel;BREDA;BREDA;Rooms-Katholiek
25GC10;Michaël college;BREDA;BREDA;Rooms-Katholiek
25GE00;CSG Het Streek;EDE GLD;EDE;Protestants-Christelijk
25GE02;CSG Het Streek Zandlaan;EDE GLD;EDE;Protestants-Christelijk
25GL00;Beekdal Lyceum;ARNHEM;ARNHEM;Openbaar
25GL04;Vmbo 't Venster;ARNHEM;ARNHEM;Openbaar
25GL06;Montessori College;ARNHEM;ARNHEM;Openbaar
25GV01;AOC Groenhorst;EMMELOORD;NOORDOOSTPOLDER;Samenwerking PC, RK
25GV05;AOC Groenhorst;EDE GLD;EDE;Samenwerking PC, RK
25GV07;AOC Groenhorst;LELYSTAD;LELYSTAD;Samenwerking PC, RK
25GV08;AOC Groenhorst Maartensijk;MAARTENSDIJK;DE BILT;Samenwerking PC, RK
25GV09;AOC Groenhorst;NIJKERK GLD;NIJKERK;Samenwerking PC, RK
25GV10;AOC Groenhorst;VELP GLD;RHEDEN;Samenwerking PC, RK
25GV11;AOC Groenhorst Bilthoven;BILTHOVEN;DE BILT;Samenwerking PC, RK
25KX00;Lorentz Casimir Lyceum;EINDHOVEN;EINDHOVEN;Algemeen bijzonder
25LV00;SG De Rooi Pannen;TILBURG;TILBURG;Rooms-Katholiek
25LV19;SG De Rooi Pannen;EINDHOVEN;EINDHOVEN;Rooms-Katholiek
25LX33;Scala vmbo;TETERINGEN;BREDA;Samenwerking PC, RK, Alg. Bijz
25LX41;Effent mavo;OOSTERHOUT NB;OOSTERHOUT;Samenwerking PC, RK, Alg. Bijz
25MB00;Summa College;EINDHOVEN;EINDHOVEN;Algemeen bijzonder
25MG00;Commanderij College;GEMERT;GEMERT-BAKEL;Algemeen bijzonder
25MG02;Commanderij College, loc. vmbo Gemert;GEMERT;GEMERT-BAKEL;Algemeen bijzonder
25MG03;Commanderij College, loc. vmbo Laarbeek;BEEK EN DONK;LAARBEEK;Algemeen bijzonder
26CC05;VMBO Kesteren;KESTEREN;NEDER-BETUWE;Algemeen bijzonder
26CC06;Helicon;NIJMEGEN;NIJMEGEN;Algemeen bijzonder
26CC08;Helicon;'S-HERTOGENBOSCH;S HERTOGENBOSCH;Algemeen bijzonder
26CC13;Helicon;EINDHOVEN;EINDHOVEN;Algemeen bijzonder
27DG00;De Passie;UTRECHT;UTRECHT;Evangelisch
27RW00;De Passie;ROTTERDAM;ROTTERDAM;Evangelisch
27ZF00;Frits Philips lyceum-mavo;EINDHOVEN;EINDHOVEN;Samenwerking PC, RK
28DB00;Orion Lyceum;BREDA;BREDA;Algemeen bijzonder
29WG00;De Passie;WIERDEN;WIERDEN;Evangelisch
29ZT00;Isaac Beeckman Academie;KAPELLE;KAPELLE;RK,PC,GV,RE,EV,AN,HI,I,J,AB
30AU00;Citadel College, Dijkstraat;LENT;NIJMEGEN;Samenwerking PC, RK
30AU01;Citadel College, Griftdijk;LENT;NIJMEGEN;Samenwerking PC, RK
30BC00;SiNTLUCAS;EINDHOVEN;EINDHOVEN;Overige
30BE00;Houtens;HOUTEN;HOUTEN;Algemeen bijzonder
30EU00;Markland College Zevenbergen;ZEVENBERGEN;MOERDIJK;Rooms-Katholiek
30UB00;UniC;UTRECHT;UTRECHT;Overige
30WH00;Avicenna College, loc. Schere;ROTTERDAM;ROTTERDAM;Islamitisch
30WH01;Avicenna College, loc. Putsebocht;ROTTERDAM;ROTTERDAM;Islamitisch
